Designation,Name,Location,Level_and_involvement,Total_applicants,Industry_and_Employee_count,LinkedIn_Followers
Quality Analyst Automation,Uplers,"Jaipur, Rajasthan, India",Full-time · Associate,122 applicants,"1,001-5,000 employees · IT Services and IT Consulting","668,044 followers"
QA Automation Tester,Uplers,"Jaipur, Rajasthan, India",Full-time · Associate,,"1,001-5,000 employees · IT Services and IT Consulting","668,044 followers"
Technology Analyst - Mainframe (3-5 years) - Jaipur,Infosys,"Jaipur, Rajasthan, India",Full-time · Associate,29 applicants,"10,001+ employees · IT Services and IT Consulting","6,456,621 followers"
Web Developer - Python,Uplers,"Chennai, Tamil Nadu, India",Full-time · Mid-Senior level,161 applicants,"1,001-5,000 employees · IT Services and IT Consulting","668,044 followers"
Web Developer - Python,Uplers,"Noida, Uttar Pradesh, India",Full-time · Mid-Senior level,75 applicants,"1,001-5,000 employees · IT Services and IT Consulting","668,044 followers"
Web Developer - Python,Uplers,"Ahmedabad, Gujarat, India",Full-time · Mid-Senior level,102 applicants,"1,001-5,000 employees · IT Services and IT Consulting","668,045 followers"
QA Automation Engineer,Uplers,"Jaipur, Rajasthan, India",Full-time · Associate,186 applicants,"1,001-5,000 employees · IT Services and IT Consulting","668,045 followers"
Web Developer - Python,Uplers,"Hyderabad, Telangana, India",Full-time · Mid-Senior level,98 applicants,"1,001-5,000 employees · IT Services and IT Consulting","668,045 followers"
Technology Lead - Mainframe (5-8 years) - Jaipur,Infosys,"Jaipur, Rajasthan, India",Full-time · Mid-Senior level,8 applicants,"10,001+ employees · IT Services and IT Consulting","6,456,626 followers"
Web Developer - Python,Uplers,"Pune, Maharashtra, India",Full-time · Mid-Senior level,90 applicants,"1,001-5,000 employees · IT Services and IT Consulting","668,046 followers"
Sr. Automation Analyst,Uplers,"Bengaluru, Karnataka, India",Full-time · Associate,39 applicants,"1,001-5,000 employees · IT Services and IT Consulting","668,046 followers"
Technology Lead,Infosys,"Jaipur, Rajasthan, India",Full-time · Associate,13 applicants,"10,001+ employees · IT Services and IT Consulting","6,456,630 followers"
Lead Data Scientist,Uplers,"Indore, Madhya Pradesh, India",Full-time · Mid-Senior level,18 applicants,"1,001-5,000 employees · IT Services and IT Consulting","668,047 followers"
Remote DevOps Engineer,Uplers,"Bengaluru, Karnataka, India",Full-time · Mid-Senior level,13 applicants,"1,001-5,000 employees · IT Services and IT Consulting","668,047 followers"
Associate Manager - Data Analytics,Sutherland,"Bengaluru, Karnataka, India",Full-time · Entry level,14 applicants,"10,001+ employees · IT Services and IT Consulting",
Quality Analyst Automation,Uplers,"Chennai, Tamil Nadu, India",Full-time · Associate,105 applicants,"1,001-5,000 employees · IT Services and IT Consulting","668,047 followers"
Product Manager - Data Analytics,Sutherland,"Hyderabad, Telangana, India",Full-time · Entry level,1 applicant,"10,001+ employees · IT Services and IT Consulting",
Senior Manager-BFS024338,Genpact,"Jaipur, Rajasthan, India",Full-time · Mid-Senior level,48 applicants,"10,001+ employees · IT Services and IT Consulting",
Senior Python Developer,Uplers,"Kochi, Kerala, India",Full-time · Mid-Senior level,14 applicants,"1,001-5,000 employees · IT Services and IT Consulting","668,048 followers"
Remote DevOps Engineer,Uplers,"Hyderabad, Telangana, India",Full-time · Mid-Senior level,28 applicants,"1,001-5,000 employees · IT Services and IT Consulting","668,048 followers"
Lead Data Scientist,Uplers,"Chandigarh, India",Full-time · Mid-Senior level,16 applicants,"1,001-5,000 employees · IT Services and IT Consulting","668,048 followers"
Technology Analyst - .Net,Infosys,"Jaipur, Rajasthan, India",Full-time · Associate,41 applicants,"10,001+ employees · IT Services and IT Consulting","6,456,640 followers"
Lead Data Scientist,Uplers,"Tamil Nadu, India",Full-time · Mid-Senior level,22 applicants,"1,001-5,000 employees · IT Services and IT Consulting","668,048 followers"
Lead Data Scientist,Uplers,"Mumbai, Maharashtra, India",Full-time · Mid-Senior level,39 applicants,"1,001-5,000 employees · IT Services and IT Consulting","668,048 followers"
Associate Mgr-Data Analytics,Sutherland,"Hyderabad, Telangana, India",Full-time · Entry level,4 applicants,"10,001+ employees · IT Services and IT Consulting",
Web Developer -Python,Uplers,"Noida, Uttar Pradesh, India",Full-time · Mid-Senior level,91 applicants,"1,001-5,000 employees · IT Services and IT Consulting","668,048 followers"
PD - OTC-BFS024025,Genpact,"Jaipur, Rajasthan, India",Full-time · Entry level,34 applicants,"10,001+ employees · IT Services and IT Consulting",
Manager - Data Analytics,Sutherland,"Chennai, Tamil Nadu, India",Full-time · Mid-Senior level,1 applicant,"10,001+ employees · IT Services and IT Consulting",
Lead Data Scientist,Uplers,India,Full-time · Mid-Senior level,35 applicants,"1,001-5,000 employees · IT Services and IT Consulting","668,051 followers"
Remote DevOps Engineer,Uplers,India,Full-time · Mid-Senior level,16 applicants,"1,001-5,000 employees · IT Services and IT Consulting","668,051 followers"
Web Developer -Python,Uplers,"Bengaluru, Karnataka, India",Full-time · Mid-Senior level,121 applicants,"1,001-5,000 employees · IT Services and IT Consulting","668,051 followers"
Technology Lead - Devops (5-8 years) - Jaipur,Infosys,"Jaipur, Rajasthan, India",Full-time · Mid-Senior level,17 applicants,"10,001+ employees · IT Services and IT Consulting","6,456,650 followers"
Selenium Application Developer,Accenture in India,"Gurgaon, Haryana, India",Full-time · Mid-Senior level,7 applicants,"10,001+ employees · IT Services and IT Consulting",
Assoc Mgr-Data Analytics,Sutherland,"Hyderabad, Telangana, India",Full-time · Entry level,11 applicants,"10,001+ employees · IT Services and IT Consulting",
Remote DevOps Engineer,Uplers,"Pune, Maharashtra, India",Full-time · Mid-Senior level,21 applicants,"1,001-5,000 employees · IT Services and IT Consulting","668,054 followers"
SAP FSCM In-House Cash Application Lead,Accenture in India,"Jaipur, Rajasthan, India",Full-time · Mid-Senior level,22 applicants,"10,001+ employees · IT Services and IT Consulting",
Manager - Data Analytics,Sutherland,"Chennai, Tamil Nadu, India",Full-time · Mid-Senior level,1 applicant,"10,001+ employees · IT Services and IT Consulting",
Data Scientist- WFH,Uplers,"Chennai, Tamil Nadu, India",Full-time · Mid-Senior level,165 applicants,"1,001-5,000 employees · IT Services and IT Consulting","668,055 followers"
Technology Architect,Wipro,"Jaipur, Rajasthan, India",Full-time · Mid-Senior level,7 applicants,"10,001+ employees · IT Services and IT Consulting",
Associate - Back Office Analyst (REF38E),Sutherland,"Kochi, Kerala, India",Full-time · Entry level,37 applicants,"10,001+ employees · IT Services and IT Consulting",
Python Developer- Remote,Uplers,"Gurugram, Haryana, India",Full-time · Mid-Senior level,113 applicants,"1,001-5,000 employees · IT Services and IT Consulting","668,057 followers"
Data Scientist- WFH,Uplers,"Delhi, India",Full-time · Mid-Senior level,144 applicants,"1,001-5,000 employees · IT Services and IT Consulting","668,057 followers"
Data Scientist- WFH,Uplers,"Hyderabad, Telangana, India",Full-time · Mid-Senior level,156 applicants,"1,001-5,000 employees · IT Services and IT Consulting","668,057 followers"
Data Scientist- WFH,Uplers,"Bengaluru, Karnataka, India",Full-time · Mid-Senior level,199 applicants,"1,001-5,000 employees · IT Services and IT Consulting","668,056 followers"
Technical Lead,Wipro,"Bengaluru, Karnataka, India",Full-time · Mid-Senior level,,"10,001+ employees · IT Services and IT Consulting",
Remote DevOps Engineer,Uplers,"Gurugram, Haryana, India",Full-time · Mid-Senior level,7 applicants,"1,001-5,000 employees · IT Services and IT Consulting","668,056 followers"
Lead - Data Scientist / Analytics,Sutherland,"Hyderabad, Telangana, India",Full-time · Mid-Senior level,17 applicants,"10,001+ employees · IT Services and IT Consulting",
Lead,Sutherland,"Chennai, Tamil Nadu, India",Full-time · Mid-Senior level,9 applicants,"10,001+ employees · IT Services and IT Consulting",
Python Software Developer,Uplers,"Hyderabad, Telangana, India",Full-time · Mid-Senior level,150 applicants,"1,001-5,000 employees · IT Services and IT Consulting","668,060 followers"
Test Automation,Tata Consultancy Services,"Pune, Maharashtra, India",Full-time · Associate,144 applicants,"10,001+ employees · IT Services and IT Consulting",
Lead Administrator,Wipro,"Mumbai, Maharashtra, India",Full-time · Mid-Senior level,,"10,001+ employees · IT Services and IT Consulting",
Lead - Data Analytics,Sutherland,"Bengaluru, Karnataka, India",Full-time · Mid-Senior level,3 applicants,"10,001+ employees · IT Services and IT Consulting",
Data Science Manager,Uplers,"Ahmedabad, Gujarat, India",Full-time · Mid-Senior level,79 applicants,"1,001-5,000 employees · IT Services and IT Consulting","668,062 followers"
Technology Lead - Mainframe (5-8 years) - Jaipur,Infosys,"Jaipur, Rajasthan, India",Full-time · Mid-Senior level,12 applicants,"10,001+ employees · IT Services and IT Consulting","6,456,672 followers"
Associate,Sutherland,"Chennai, Tamil Nadu, India",Full-time · Entry level,12 applicants,"10,001+ employees · IT Services and IT Consulting",
Autosar BSW,Wipro,"Bangalore Urban, Karnataka, India",Full-time · Associate,1 applicant,"10,001+ employees · IT Services and IT Consulting","6,403,627 followers"
Technology Lead - Mainframe (5-8 years) - Jaipur,Infosys,"Jaipur, Rajasthan, India",Full-time · Mid-Senior level,13 applicants,"10,001+ employees · IT Services and IT Consulting","6,456,672 followers"
Associate,Genpact,"Jaipur, Rajasthan, India",Full-time · Entry level,,"10,001+ employees · IT Services and IT Consulting","2,257,911 followers"
Associate,Sutherland,"Chennai, Tamil Nadu, India",Full-time · Entry level,11 applicants,"10,001+ employees · IT Services and IT Consulting",
Python Developer- Remote,Uplers,"Bengaluru, Karnataka, India",Full-time · Mid-Senior level,147 applicants,"1,001-5,000 employees · IT Services and IT Consulting","668,067 followers"
Lead I - Software Engineering,UST,"Thiruvananthapuram, Kerala, India",Full-time · Mid-Senior level,4 applicants,"10,001+ employees · IT Services and IT Consulting",
Lead Administrator,Wipro,"Coimbatore, Tamil Nadu, India",Full-time · Mid-Senior level,6 applicants,"10,001+ employees · IT Services and IT Consulting",
AWS BigData Application Developer,Accenture in India,"Jaipur, Rajasthan, India",Full-time · Mid-Senior level,8 applicants,"10,001+ employees · IT Services and IT Consulting",
Technology Analyst,Infosys,"Jaipur, Rajasthan, India",Full-time · Mid-Senior level,124 applicants,"10,001+ employees · IT Services and IT Consulting","6,456,679 followers"
Lead - Software Development,Sutherland,"Bengaluru, Karnataka, India",Full-time · Mid-Senior level,1 applicant,"10,001+ employees · IT Services and IT Consulting",
Data Scientist- WFH,Uplers,India,Full-time · Mid-Senior level,,"1,001-5,000 employees · IT Services and IT Consulting","668,070 followers"
PA - AP-HEA007246,Genpact,"Jaipur, Rajasthan, India",Full-time · Associate,19 applicants,"10,001+ employees · IT Services and IT Consulting",
Python Backend Developer,Uplers,"Bengaluru, Karnataka, India",Full-time · Mid-Senior level,167 applicants,"1,001-5,000 employees · IT Services and IT Consulting","668,070 followers"
Technology Analyst,Infosys,"Jaipur, Rajasthan, India",Full-time · Mid-Senior level,149 applicants,"10,001+ employees · IT Services and IT Consulting","6,456,686 followers"
Selenium+C#,Tata Consultancy Services,Greater Delhi Area,Full-time · Mid-Senior level,10 applicants,"10,001+ employees · IT Services and IT Consulting",
DELIVERY MANAGER,LTIMindtree,"Chennai, Tamil Nadu, India",Full-time · Mid-Senior level,6 applicants,"10,001+ employees · IT Services and IT Consulting",
Support,Sutherland,"Chennai, Tamil Nadu, India",Full-time · Entry level,20 applicants,"10,001+ employees · IT Services and IT Consulting",
Technology Analyst - Mainframe (3-5 years) - Indore,Infosys,"Indore, Madhya Pradesh, India",Full-time · Associate,64 applicants,"10,001+ employees · IT Services and IT Consulting","6,456,689 followers"
Python Lead,UST,"Thiruvananthapuram, Kerala, India",Full-time · Mid-Senior level,7 applicants,"10,001+ employees · IT Services and IT Consulting",
Technology Analyst - Devops (3-5 years) - Jaipur,Infosys,"Jaipur, Rajasthan, India",Full-time · Mid-Senior level,36 applicants,"10,001+ employees · IT Services and IT Consulting","6,456,691 followers"
Technology Analyst - Oracle PL/SQL (3-5 years) - Coimbatore,Infosys,"Coimbatore, Tamil Nadu, India",Full-time · Associate,63 applicants,"10,001+ employees · IT Services and IT Consulting","6,456,692 followers"
Senior manager-BFS024317,Genpact,"Jaipur, Rajasthan, India",Full-time · Mid-Senior level,83 applicants,"10,001+ employees · IT Services and IT Consulting",
Senior Python Developer,Uplers,"Chennai, Tamil Nadu, India",Full-time · Mid-Senior level,20 applicants,"1,001-5,000 employees · IT Services and IT Consulting","668,075 followers"
Data Manager,JLL,"Bengaluru, Karnataka, India",Full-time · Mid-Senior level,20 applicants,"10,001+ employees · Real Estate",
Assistant Technical Manager,JLL,"Gurgaon, Haryana, India",Full-time · Mid-Senior level,16 applicants,"10,001+ employees · Real Estate",
Data Analyst,Wipro,"Noida, Uttar Pradesh, India",Full-time · Entry level,,"10,001+ employees · IT Services and IT Consulting",
Informatica Data Quality Application Developer,Accenture in India,"Mumbai, Maharashtra, India",Full-time · Mid-Senior level,,"10,001+ employees · IT Services and IT Consulting",
Informatica Data Quality Application Developer,Accenture in India,"Mumbai, Maharashtra, India",Full-time · Mid-Senior level,1 applicant,"10,001+ employees · IT Services and IT Consulting",
Consultant - Cards and Payments,Infosys,"Bangalore Urban, Karnataka, India",Full-time · Associate,138 applicants,"10,001+ employees · IT Services and IT Consulting","6,456,697 followers"
Project Manager,Tata Consultancy Services,"Jaipur, Rajasthan, India",Full-time · Mid-Senior level,,"10,001+ employees · IT Services and IT Consulting","11,321,855 followers"
Sr Data Scientist,LTIMindtree,"Bengaluru, Karnataka, India",Full-time · Mid-Senior level,39 applicants,"10,001+ employees · IT Services and IT Consulting",
Technology Lead - Devops (5-8 years) - Jaipur,Infosys,"Jaipur, Rajasthan, India",Full-time · Mid-Senior level,9 applicants,"10,001+ employees · IT Services and IT Consulting",
Technology Lead,Infosys,"Jaipur, Rajasthan, India",Full-time · Mid-Senior level,23 applicants,"10,001+ employees · IT Services and IT Consulting","6,456,705 followers"
Python Software Developer,Uplers,"Gurugram, Haryana, India",Full-time · Mid-Senior level,95 applicants,"1,001-5,000 employees · IT Services and IT Consulting","668,082 followers"
TCS Hiring For JAVA,Tata Consultancy Services,"Bengaluru, Karnataka, India",Full-time · Mid-Senior level,164 applicants,"10,001+ employees · IT Services and IT Consulting","11,321,871 followers"
Delivery Assurance Manager,Wipro,"Kolkata, West Bengal, India",Full-time · Mid-Senior level,11 applicants,"10,001+ employees · IT Services and IT Consulting",
Senior Analyst,JLL,"Bengaluru, Karnataka, India",Full-time · Mid-Senior level,27 applicants,"10,001+ employees · Real Estate",
QE_Perfomance_Senior,EY,"Kolkata, West Bengal, India",Full-time · Mid-Senior level,4 applicants,"10,001+ employees · Accounting",
Data Scientist Remote,Uplers,"Chennai, Tamil Nadu, India",Full-time · Mid-Senior level,91 applicants,"1,001-5,000 employees · IT Services and IT Consulting","668,084 followers"
Data Science Manager,Uplers,"Hyderabad, Telangana, India",Full-time · Mid-Senior level,86 applicants,"1,001-5,000 employees · IT Services and IT Consulting","668,084 followers"
Devops- Technology Analyst,Infosys,"Bengaluru, Karnataka, India",Full-time · Mid-Senior level,15 applicants,"10,001+ employees · IT Services and IT Consulting",
Senior Associate – Business Analyst,Sutherland,"Hyderabad, Telangana, India",Full-time · Mid-Senior level,8 applicants,"10,001+ employees · IT Services and IT Consulting",
Delivery Manager II,UST,"Hyderabad, Telangana, India",Full-time · Mid-Senior level,36 applicants,"10,001+ employees · IT Services and IT Consulting",
Assistant Technical Manager,JLL,"Gurgaon, Haryana, India",Full-time · Mid-Senior level,22 applicants,"10,001+ employees · Real Estate",
Senior Data Scientist,Uplers,India,Contract · Mid-Senior level,75 applicants,"1,001-5,000 employees · IT Services and IT Consulting",
Python Developer- Remote,Uplers,India,Full-time · Mid-Senior level,112 applicants,"1,001-5,000 employees · IT Services and IT Consulting","668,086 followers"
Technology Analyst - UI (3-5 years) -Jaipur,Infosys,"Jaipur, Rajasthan, India",Full-time · Mid-Senior level,24 applicants,"10,001+ employees · IT Services and IT Consulting","6,456,719 followers"
Technical Lead,Wipro,"Bengaluru, Karnataka, India",Full-time · Mid-Senior level,1 applicant,"10,001+ employees · IT Services and IT Consulting",
Automation Engineer,Wipro,"Bengaluru, Karnataka, India",Full-time · Entry level,101 applicants,"10,001+ employees · IT Services and IT Consulting",
Data Engineer- WFH,Uplers,"Chandigarh, India",Full-time · Mid-Senior level,77 applicants,"1,001-5,000 employees · IT Services and IT Consulting","668,088 followers"
Process Developer-BFS024297,Genpact,"Jaipur, Rajasthan, India",Full-time · Entry level,28 applicants,"10,001+ employees · IT Services and IT Consulting",
Informatica Data Quality Application Developer,Accenture in India,"Mumbai, Maharashtra, India",Full-time · Mid-Senior level,3 applicants,"10,001+ employees · IT Services and IT Consulting",
Informatica Data Quality Application Developer,Accenture in India,"Mumbai, Maharashtra, India",Full-time · Mid-Senior level,7 applicants,"10,001+ employees · IT Services and IT Consulting",
Project Manager I,UST,"Bengaluru, Karnataka, India",Full-time · Mid-Senior level,49 applicants,"10,001+ employees · IT Services and IT Consulting",
Manager-BFS024377,Genpact,"Bengaluru, Karnataka, India",Full-time · Mid-Senior level,22 applicants,"10,001+ employees · IT Services and IT Consulting",
Process Developer-BFS024346,Genpact,"Jaipur, Rajasthan, India",Full-time · Entry level,35 applicants,"10,001+ employees · IT Services and IT Consulting",
Technology Analyst - Oracle PLSQL (3-5 years) - Jaipur,Infosys,"Jaipur, Rajasthan, India",Full-time · Mid-Senior level,20 applicants,"10,001+ employees · IT Services and IT Consulting","6,456,726 followers"
Transaction Processing New Associate-Healthcare Claims,Accenture in India,"Mumbai, Maharashtra, India",Full-time · Entry level,21 applicants,"10,001+ employees · IT Services and IT Consulting",
Project Lead,Wipro,"Bengaluru, Karnataka, India",Full-time · Mid-Senior level,6 applicants,"10,001+ employees · IT Services and IT Consulting",
Associate,Sutherland,"Chennai, Tamil Nadu, India",Full-time · Entry level,4 applicants,"10,001+ employees · IT Services and IT Consulting",
Transaction Processing New Associate-Healthcare Claims,Accenture in India,"Mumbai, Maharashtra, India",Full-time · Entry level,16 applicants,"10,001+ employees · IT Services and IT Consulting",
AGM-Regulatory,Vodafone Idea Limited,"Jaipur, Rajasthan, India",Full-time · Mid-Senior level,10 applicants,"10,001+ employees · Telecommunications",
Data Engineer- WFH,Uplers,"Ahmedabad, Gujarat, India",Full-time · Mid-Senior level,99 applicants,"1,001-5,000 employees · IT Services and IT Consulting","668,091 followers"
Technical Lead,Wipro,"Mysore, Karnataka, India",Full-time · Mid-Senior level,8 applicants,"10,001+ employees · IT Services and IT Consulting",
Associate - Customer Service - Work At Home (REF11B),Sutherland,"Navi Mumbai, Maharashtra, India",Full-time · Entry level,63 applicants,"10,001+ employees · IT Services and IT Consulting",
Associate - Customer Service - Work At Home (REF11B),Sutherland,"Navi Mumbai, Maharashtra, India",Full-time · Entry level,59 applicants,"10,001+ employees · IT Services and IT Consulting",
General Referral - India,Sutherland,"Chennai, Tamil Nadu, India",Full-time · Executive,,"10,001+ employees · IT Services and IT Consulting",
Associate - Customer Service - Work At Home (REF11B),Sutherland,"Navi Mumbai, Maharashtra, India",Full-time · Entry level,30 applicants,"10,001+ employees · IT Services and IT Consulting",
Technical Lead,Wipro,"Bengaluru, Karnataka, India",Full-time · Mid-Senior level,61 applicants,"10,001+ employees · IT Services and IT Consulting",
Associate - Customer Service - Work At Home (REF11B),Sutherland,"Navi Mumbai, Maharashtra, India",Full-time · Entry level,29 applicants,"10,001+ employees · IT Services and IT Consulting",
Data Science Manager,Uplers,India,Full-time · Mid-Senior level,123 applicants,"1,001-5,000 employees · IT Services and IT Consulting","668,098 followers"
Associate - Customer Service - Work At Home (REF11B),Sutherland,"Navi Mumbai, Maharashtra, India",Full-time · Entry level,39 applicants,"10,001+ employees · IT Services and IT Consulting",
SQL Developer,Sutherland,"Mumbai, Maharashtra, India",Full-time · Entry level,18 applicants,"10,001+ employees · IT Services and IT Consulting",
Python Backend Developer,Uplers,India,Full-time · Mid-Senior level,124 applicants,"1,001-5,000 employees · IT Services and IT Consulting","668,098 followers"
Junior Data Scientist,LTIMindtree,"Chennai, Tamil Nadu, India",Full-time · Entry level,,"10,001+ employees · IT Services and IT Consulting",
Data Engineer- WFH,Uplers,"Bengaluru, Karnataka, India",Full-time · Mid-Senior level,103 applicants,"1,001-5,000 employees · IT Services and IT Consulting","668,098 followers"
Lead-App & Software Testing,Sutherland,"Hyderabad, Telangana, India",Full-time · Mid-Senior level,13 applicants,"10,001+ employees · IT Services and IT Consulting",
Associate Data Scientist I,UST,"Thiruvananthapuram, Kerala, India",Full-time · Entry level,33 applicants,"10,001+ employees · IT Services and IT Consulting",
Remote Content Writer Intern,Uplers,India,Internship · Internship,,"1,001-5,000 employees · IT Services and IT Consulting","668,100 followers"
Data Scientist Remote,Uplers,India,Full-time · Mid-Senior level,,"1,001-5,000 employees · IT Services and IT Consulting","668,100 followers"
Data Science Manager,Uplers,"Delhi, India",Full-time · Mid-Senior level,64 applicants,"1,001-5,000 employees · IT Services and IT Consulting","668,100 followers"
Process Associate - OTC-BFS022516,Genpact,"Jaipur, Rajasthan, India",Full-time · Entry level,114 applicants,"10,001+ employees · IT Services and IT Consulting",
Ab Initio Application Developer,Accenture in India,"Bengaluru, Karnataka, India",Full-time · Mid-Senior level,6 applicants,"10,001+ employees · IT Services and IT Consulting",
Engineering Manager,JLL,"Hyderabad, Telangana, India",Full-time · Mid-Senior level,22 applicants,"10,001+ employees · Real Estate",
Process Developer - PTP-HEA007364,Genpact,"Gurugram, Haryana, India",Full-time · Entry level,13 applicants,"10,001+ employees · IT Services and IT Consulting",
"Engineering Manager,",JLL,"Hyderabad, Telangana, India",Full-time · Mid-Senior level,54 applicants,"10,001+ employees · Real Estate",
Techno Functional Consultant,Wipro,"Bengaluru, Karnataka, India",Full-time · Mid-Senior level,6 applicants,"10,001+ employees · IT Services and IT Consulting",
Data Engineer- WFH,Uplers,India,Full-time · Mid-Senior level,121 applicants,"1,001-5,000 employees · IT Services and IT Consulting","668,107 followers"
Automation Engineer,Tata Consultancy Services,"Bengaluru, Karnataka, India",Full-time · Mid-Senior level,,"10,001+ employees · IT Services and IT Consulting","11,321,980 followers"
RPA Developer,Sutherland,"Chennai, Tamil Nadu, India",Full-time · Entry level,6 applicants,"10,001+ employees · IT Services and IT Consulting",
Research HY Credit (Lead Analyst)/Associate Manager - Level 4,Sutherland,"Navi Mumbai, Maharashtra, India",Full-time · Mid-Senior level,,"10,001+ employees · IT Services and IT Consulting",
Research HY Credit (Lead Analyst)/Associate Manager - Level 4,Sutherland,"Navi Mumbai, Maharashtra, India",Full-time · Mid-Senior level,2 applicants,"10,001+ employees · IT Services and IT Consulting",
Data Bricks (Python) Lead,Wipro,"Bengaluru, Karnataka, India",Full-time · Entry level,10 applicants,"10,001+ employees · IT Services and IT Consulting",
Technology Lead - Oracle PLSQL (5-8 years) - Jaipur,Infosys,"Jaipur, Rajasthan, India",Full-time · Mid-Senior level,11 applicants,"10,001+ employees · IT Services and IT Consulting","6,456,762 followers"
Lead - Credit Research,Sutherland,"Navi Mumbai, Maharashtra, India",Full-time · Mid-Senior level,3 applicants,"10,001+ employees · IT Services and IT Consulting",
AVP STP Transformation,Genpact,"Jaipur, Rajasthan, India",Full-time · Mid-Senior level,77 applicants,"10,001+ employees · IT Services and IT Consulting","2,257,976 followers"
Hiring for OTC- HYDERABAD,Genpact,"Hyderabad, Telangana, India",Full-time · Mid-Senior level,81 applicants,"10,001+ employees · IT Services and IT Consulting","2,257,977 followers"
Automation Engineer,Tata Consultancy Services,"Bengaluru, Karnataka, India",Full-time · Associate,101 applicants,"10,001+ employees · IT Services and IT Consulting","11,321,999 followers"
Technology Analyst - Mainframe (3-5 years) - Bhubaneswar,Infosys,"Bhubaneshwar, Odisha, India",Full-time · Mid-Senior level,9 applicants,"10,001+ employees · IT Services and IT Consulting","6,456,766 followers"
Data Analyst,JLL,"Bengaluru, Karnataka, India",Full-time · Entry level,,"10,001+ employees · Real Estate",
Assistant Manager,Genpact,"Gurugram, Haryana, India",Full-time · Mid-Senior level,,"10,001+ employees · IT Services and IT Consulting","2,257,977 followers"
Techno Functional Consultant,Wipro,"Bengaluru, Karnataka, India",Full-time · Mid-Senior level,28 applicants,"10,001+ employees · IT Services and IT Consulting",
QA - Automation,Uplers,"Noida, Uttar Pradesh, India",Full-time · Associate,104 applicants,"1,001-5,000 employees · IT Services and IT Consulting","668,110 followers"
Lead Administrator,Wipro,"Pune, Maharashtra, India",Full-time · Mid-Senior level,10 applicants,"10,001+ employees · IT Services and IT Consulting",
Lead-Software Development,Sutherland,"Hyderabad, Telangana, India",Full-time · Mid-Senior level,,"10,001+ employees · IT Services and IT Consulting",
Project Manager - Devops (8-10 years) - Jaipur,Infosys,"Jaipur, Rajasthan, India",Full-time · Entry level,28 applicants,"10,001+ employees · IT Services and IT Consulting",
Manager - Assurance - TMT - Audit Services - Pan India,EY,"Mumbai, Maharashtra, India",Full-time · Mid-Senior level,2 applicants,"10,001+ employees · Accounting",
Java Developer,Uplers,"Bengaluru, Karnataka, India",Full-time · Mid-Senior level,73 applicants,"1,001-5,000 employees · IT Services and IT Consulting","668,110 followers"
Associate - Employee Referral,Sutherland,"Hyderabad, Telangana, India",Full-time · Entry level,11 applicants,"10,001+ employees · IT Services and IT Consulting",
Process Associate-BFS024349,Genpact,"Jaipur, Rajasthan, India",Full-time · Entry level,59 applicants,"10,001+ employees · IT Services and IT Consulting",
Data Engineer- WFH,Uplers,"Goa, India",Full-time · Mid-Senior level,81 applicants,"1,001-5,000 employees · IT Services and IT Consulting","668,110 followers"
Data Science Manager,Uplers,"Gurugram, Haryana, India",Full-time · Mid-Senior level,137 applicants,"1,001-5,000 employees · IT Services and IT Consulting","668,111 followers"
Quality Analyst Automation,Uplers,"Chennai, Tamil Nadu, India",Contract · Associate,137 applicants,"1,001-5,000 employees · IT Services and IT Consulting","668,113 followers"
Technology Analyst - Java (3-5 years) - Mohali,Infosys,"Mohali district, Punjab, India",Full-time · Mid-Senior level,15 applicants,"10,001+ employees · IT Services and IT Consulting","6,456,778 followers"
Manager - Assurance - TMT - Audit Services - Pan India,EY,"Gurugram, Haryana, India",Full-time · Mid-Senior level,2 applicants,"10,001+ employees · Accounting",
Technology Lead - Mainframe (5-8 years) - Bhubaneswar,Infosys,"Bhubaneswar, Odisha, India",Full-time · Mid-Senior level,3 applicants,"10,001+ employees · IT Services and IT Consulting","6,456,780 followers"
Executive - Operations - OPERATIONS - On-Site Services- Direct - Jaipur,EY,"Jaipur, Rajasthan, India",Full-time · Mid-Senior level,90 applicants,"10,001+ employees · Accounting",
Associate-CS Internet,Sutherland,"Chennai, Tamil Nadu, India",Internship · Entry level,9 applicants,"10,001+ employees · IT Services and IT Consulting",
Associate-CS Internet,Sutherland,"Chennai, Tamil Nadu, India",Internship · Entry level,2 applicants,"10,001+ employees · IT Services and IT Consulting",
Associate-CS Internet,Sutherland,"Chennai, Tamil Nadu, India",Internship · Entry level,1 applicant,"10,001+ employees · IT Services and IT Consulting",
Robot Framework,Tata Consultancy Services,India,Full-time · Associate,56 applicants,"10,001+ employees · IT Services and IT Consulting",
Solution Architecting Business Process Architect,Accenture in India,"Jaipur, Rajasthan, India",Full-time · Mid-Senior level,8 applicants,"10,001+ employees · IT Services and IT Consulting",
Java Developer,Uplers,"Noida, Uttar Pradesh, India",Full-time · Mid-Senior level,80 applicants,"1,001-5,000 employees · IT Services and IT Consulting","668,115 followers"
Associate - Consultant,Sutherland,"Mumbai, Maharashtra, India",Full-time · Entry level,11 applicants,"10,001+ employees · IT Services and IT Consulting",
Associate-IT Helpdesk,Sutherland,"Chennai, Tamil Nadu, India",Full-time · Entry level,12 applicants,"10,001+ employees · IT Services and IT Consulting",
Delivery Manager I,UST,"Thiruvananthapuram, Kerala, India",Full-time · Mid-Senior level,9 applicants,"10,001+ employees · IT Services and IT Consulting",
Techno Functional Consultant,Wipro,"Chennai, Tamil Nadu, India",Full-time · Mid-Senior level,24 applicants,"10,001+ employees · IT Services and IT Consulting",
Process Developer,Genpact,"Gurugram, Haryana, India",Full-time · Entry level,52 applicants,"10,001+ employees · IT Services and IT Consulting",
Sr Associate Manager- PowerBI & Data Analytics,Sutherland,"Mumbai, Maharashtra, India",Full-time · Mid-Senior level,12 applicants,"10,001+ employees · IT Services and IT Consulting",
Incident Manager,Wipro,"Mumbai, Maharashtra, India",Full-time · Mid-Senior level,134 applicants,"10,001+ employees · IT Services and IT Consulting",
Lead I - SRE,UST,"Thiruvananthapuram, Kerala, India",Full-time · Mid-Senior level,,"10,001+ employees · IT Services and IT Consulting",
Techno Functional Consultant,Wipro,"Chennai, Tamil Nadu, India",Full-time · Mid-Senior level,5 applicants,"10,001+ employees · IT Services and IT Consulting",
TCS BPS hiring For Insurance Analyst-Hyderabad,Tata Consultancy Services,"Hyderabad, Telangana, India",Full-time · Mid-Senior level,,"10,001+ employees · IT Services and IT Consulting","11,322,084 followers"
Project Manager,Wipro,"Chandigarh, Chandigarh, India",Full-time · Entry level,66 applicants,"10,001+ employees · IT Services and IT Consulting",
Technology Analyst,Infosys,"Chandigarh, India",Full-time · Associate,49 applicants,"10,001+ employees · IT Services and IT Consulting","6,456,809 followers"
Data Quality Analyst,Wipro,"Bengaluru, Karnataka, India",Full-time · Mid-Senior level,,"10,001+ employees · IT Services and IT Consulting","6,403,753 followers"
Consultant - Payments,Infosys,"Bangalore Urban, Karnataka, India",Full-time · Associate,134 applicants,"10,001+ employees · IT Services and IT Consulting","6,456,810 followers"
Assistant Technical Manager,JLL,"Mumbai, Maharashtra, India",Full-time · Mid-Senior level,18 applicants,"10,001+ employees · Real Estate",
OTC Collections || HYD,Genpact,"Hyderabad, Telangana, India",Full-time · Associate,149 applicants,"10,001+ employees · IT Services and IT Consulting","2,257,996 followers"
Technology Analyst,Infosys,"Chandigarh, India",Full-time · Associate,48 applicants,"10,001+ employees · IT Services and IT Consulting","6,456,810 followers"
Specialist - Data Engineering,LTIMindtree,"Chennai, Tamil Nadu, India",Full-time · Entry level,2 applicants,"10,001+ employees · IT Services and IT Consulting",
Administrator,Wipro,"Bengaluru, Karnataka, India",Full-time · Mid-Senior level,46 applicants,"10,001+ employees · IT Services and IT Consulting",
SQL & Jasper Reports Developer,Sutherland,"Chennai, Tamil Nadu, India",Full-time · Entry level,7 applicants,"10,001+ employees · IT Services and IT Consulting",
Associate Manager - Software development,Sutherland,"Bengaluru, Karnataka, India",Full-time · Mid-Senior level,3 applicants,"10,001+ employees · IT Services and IT Consulting",
Sr Associate Software Engineer,Sutherland,"Bengaluru, Karnataka, India",Full-time · Entry level,3 applicants,"10,001+ employees · IT Services and IT Consulting",
Assistant Manager-BFS024322,Genpact,"Bengaluru, Karnataka, India",Full-time · Associate,16 applicants,"10,001+ employees · IT Services and IT Consulting",
Associate EM,EY,"Gurugram, Haryana, India",Full-time · Entry level,,"10,001+ employees · Accounting",
Clinical Data Management Scientist,Accenture in India,"Bengaluru, Karnataka, India",Full-time · Mid-Senior level,20 applicants,"10,001+ employees · IT Services and IT Consulting",
Technical Lead,Wipro,"Bengaluru, Karnataka, India",Full-time · Mid-Senior level,27 applicants,"10,001+ employees · IT Services and IT Consulting",
Lead I - Enterprise Solutions,UST,"Bengaluru, Karnataka, India",Full-time · Mid-Senior level,2 applicants,"10,001+ employees · IT Services and IT Consulting",
Manual Tester,Tata Consultancy Services,India,Full-time · Mid-Senior level,,"10,001+ employees · IT Services and IT Consulting",
Technology Analyst - Mainframe (3-5 years) - COIMBATORE,Infosys,"Chandigarh, India",Full-time · Mid-Senior level,11 applicants,"10,001+ employees · IT Services and IT Consulting","6,456,821 followers"
GCR US - Assistant Manager,EY,"Bengaluru, Karnataka, India",Full-time · Mid-Senior level,11 applicants,"10,001+ employees · Accounting",
Lead Administrator,Wipro,"Pune, Maharashtra, India",Full-time · Mid-Senior level,6 applicants,"10,001+ employees · IT Services and IT Consulting",
Data Security/ Data Privacy Experts,Infosys,"Bengaluru, Karnataka, India",Full-time · Entry level,183 applicants,"10,001+ employees · IT Services and IT Consulting",
Senior Application Support,Sutherland,"Chennai, Tamil Nadu, India",Full-time · Mid-Senior level,,"10,001+ employees · IT Services and IT Consulting",
Process Developer - Record to Report (Generalist)-BFS024305,Genpact,"Jaipur, Rajasthan, India",Full-time · Entry level,40 applicants,"10,001+ employees · IT Services and IT Consulting",
Python Developer,Tata Consultancy Services,"Bengaluru, Karnataka, India",Full-time · Mid-Senior level,31 applicants,"10,001+ employees · IT Services and IT Consulting","11,322,143 followers"
Cyber Security Analyst,Wipro,"Kochi, Kerala, India",Full-time · Entry level,165 applicants,"10,001+ employees · IT Services and IT Consulting",
Cyber Security Analyst,Wipro,"Gautam Buddha Nagar, Uttar Pradesh, India",Full-time · Entry level,84 applicants,"10,001+ employees · IT Services and IT Consulting",
Hiring for OTC- NOIDA,Genpact,"Noida, Uttar Pradesh, India",Full-time · Mid-Senior level,99 applicants,"10,001+ employees · IT Services and IT Consulting","2,258,007 followers"
Technology Analyst,Infosys,"Mohali district, Punjab, India",Full-time · Associate,47 applicants,"10,001+ employees · IT Services and IT Consulting","6,456,830 followers"
CTF Analyst,EY,"Trivandrum, Kerala, India",Full-time · Entry level,53 applicants,"10,001+ employees · Accounting",
Techno Functional Consultant,Wipro,"Gautam Buddha Nagar, Uttar Pradesh, India",Full-time · Mid-Senior level,18 applicants,"10,001+ employees · IT Services and IT Consulting",
Technology Analyst - .Net,Infosys,"Bhubaneswar, Odisha, India",Full-time · Mid-Senior level,44 applicants,"10,001+ employees · IT Services and IT Consulting","6,456,831 followers"
Sr. Systems Engineer - Devops (2-3 years) - Jaipur,Infosys,"Jaipur, Rajasthan, India",Full-time · Mid-Senior level,21 applicants,"10,001+ employees · IT Services and IT Consulting",
Lead - Credit Research,Sutherland,"Navi Mumbai, Maharashtra, India",Full-time · Mid-Senior level,4 applicants,"10,001+ employees · IT Services and IT Consulting",
Senior Consultant - System Management,LTIMindtree,"Mumbai, Maharashtra, India",Full-time · Mid-Senior level,2 applicants,"10,001+ employees · IT Services and IT Consulting",
Lead-Platform Solution,Sutherland,"Chennai, Tamil Nadu, India",Full-time · Entry level,,"10,001+ employees · IT Services and IT Consulting",
Lead-Platform Solution,Sutherland,"Chennai, Tamil Nadu, India",Full-time · Entry level,,"10,001+ employees · IT Services and IT Consulting",
Associate-CS Internet (IND01-AY11AH),Sutherland,"Chennai, Tamil Nadu, India",Internship · Entry level,1 applicant,"10,001+ employees · IT Services and IT Consulting",
AGM- Credit Operations,Vodafone Idea Limited,"Jaipur, Rajasthan, India",Full-time · Mid-Senior level,45 applicants,"10,001+ employees · Telecommunications",
Associate-CS Internet,Sutherland,"Chennai, Tamil Nadu, India",Internship · Entry level,3 applicants,"10,001+ employees · IT Services and IT Consulting",
Data Scientist,Wipro,"Bengaluru, Karnataka, India",Full-time · Associate,,"10,001+ employees · IT Services and IT Consulting","6,403,775 followers"
Quality Analyst Automation,Uplers,"Coimbatore, Tamil Nadu, India",Full-time · Associate,152 applicants,"1,001-5,000 employees · IT Services and IT Consulting","668,131 followers"
AM-HRO-Hyd-HMS025342,Genpact,"Hyderabad, Telangana, India",Full-time · Associate,106 applicants,"10,001+ employees · IT Services and IT Consulting",
SOC Lead II,UST,"Thiruvananthapuram, Kerala, India",Full-time · Mid-Senior level,2 applicants,"10,001+ employees · IT Services and IT Consulting",
Data Scientist Remote,Uplers,"Bengaluru, Karnataka, India",Full-time · Mid-Senior level,,"1,001-5,000 employees · IT Services and IT Consulting","668,132 followers"
Senior Manager-BFS024376,Genpact,"Bengaluru, Karnataka, India",Full-time · Mid-Senior level,19 applicants,"10,001+ employees · IT Services and IT Consulting",
Lead Administrator,Wipro,"Mumbai, Maharashtra, India",Full-time · Mid-Senior level,9 applicants,"10,001+ employees · IT Services and IT Consulting",
Associate-IT Helpdesk,Sutherland,"Chennai, Tamil Nadu, India",Full-time · Entry level,9 applicants,"10,001+ employees · IT Services and IT Consulting",
Technology Analyst - Oracle PL/SQL (3-5 years) - Trivandrum,Infosys,"Trivandrum, Kerala, India",Full-time · Associate,25 applicants,"10,001+ employees · IT Services and IT Consulting","6,456,845 followers"
Manager - Process Improvement,Sutherland,"Chennai, Tamil Nadu, India",Full-time · Mid-Senior level,2 applicants,"10,001+ employees · IT Services and IT Consulting",
AWS Kinesis Application Developer,Accenture in India,"Jaipur, Rajasthan, India",Full-time · Mid-Senior level,10 applicants,"10,001+ employees · IT Services and IT Consulting",
Technology Lead -DevOps,Infosys,"Pune, Maharashtra, India",Full-time · Associate,60 applicants,"10,001+ employees · IT Services and IT Consulting","6,456,845 followers"
Assistant Project Lead,JLL,"Hyderabad, Telangana, India",Full-time · Entry level,30 applicants,"10,001+ employees · Real Estate",
Data Analyst,EY,"Bengaluru, Karnataka, India",Internship · Mid-Senior level,,"10,001+ employees · Accounting",
Process Associate - RTR-BFS023910,Genpact,"Jaipur, Rajasthan, India",Full-time · Entry level,78 applicants,"10,001+ employees · IT Services and IT Consulting",
Technology Analyst-Java,Infosys,"Chandigarh, India",Full-time · Mid-Senior level,67 applicants,"10,001+ employees · IT Services and IT Consulting","6,456,846 followers"
Lead-Platform Solution,Sutherland,"Chennai, Tamil Nadu, India",Full-time · Entry level,1 applicant,"10,001+ employees · IT Services and IT Consulting",
Technology Analyst,Infosys,"Bengaluru, Karnataka, India",Full-time · Associate,,"10,001+ employees · IT Services and IT Consulting","6,456,852 followers"
Technology Analyst,Infosys,"Jaipur, Rajasthan, India",Full-time · Mid-Senior level,,"10,001+ employees · IT Services and IT Consulting","6,456,853 followers"
Pegasystems Platform Application Lead,Accenture in India,"Jaipur, Rajasthan, India",Full-time · Mid-Senior level,5 applicants,"10,001+ employees · IT Services and IT Consulting",
Associate Professional - Finance Transformation Process - Accountant,Sutherland,"Mumbai, Maharashtra, India",Full-time · Entry level,32 applicants,"10,001+ employees · IT Services and IT Consulting",
EMS - Data CoE - Advanced Analyst,EY,"Bengaluru, Karnataka, India",Full-time · Entry level,158 applicants,"10,001+ employees · Accounting",
QA - Automation- WFH,Uplers,"Noida, Uttar Pradesh, India",Full-time · Associate,,"1,001-5,000 employees · IT Services and IT Consulting","668,134 followers"
Project Lead,Wipro,"Bengaluru, Karnataka, India",Full-time · Mid-Senior level,58 applicants,"10,001+ employees · IT Services and IT Consulting",
Technology Analyst - .Net,Infosys,"Trivandrum, Kerala, India",Full-time · Associate,38 applicants,"10,001+ employees · IT Services and IT Consulting","6,456,859 followers"
Full Stack Developer,Sutherland,"Bengaluru, Karnataka, India",Full-time · Entry level,9 applicants,"10,001+ employees · IT Services and IT Consulting",
Cyber Security Analyst,Wipro,"Kochi, Kerala, India",Full-time · Entry level,113 applicants,"10,001+ employees · IT Services and IT Consulting",
Technology Analyst,Infosys,"Indore, Madhya Pradesh, India",Full-time · Associate,107 applicants,"10,001+ employees · IT Services and IT Consulting","6,456,862 followers"
Lead - App & Software Testing,Sutherland,"Bengaluru, Karnataka, India",Full-time · Mid-Senior level,9 applicants,"10,001+ employees · IT Services and IT Consulting",
Cross Functional Lead,Wipro,"Hyderabad, Telangana, India",Full-time · Mid-Senior level,7 applicants,"10,001+ employees · IT Services and IT Consulting",
Transaction Processing New Associate-Insurance,Accenture in India,"Mumbai, Maharashtra, India",Full-time · Entry level,22 applicants,"10,001+ employees · IT Services and IT Consulting",
Facilities Engineer,JLL,"Thiruporur, Tamil Nadu, India",Full-time · Entry level,40 applicants,"10,001+ employees · Real Estate",
Store Manager,Vodafone Idea Limited,"Jaipur, Rajasthan, India",Full-time · Mid-Senior level,154 applicants,"10,001+ employees · Telecommunications",
Cyber Security Analyst,Wipro,"Hyderabad, Telangana, India",Full-time · Entry level,,"10,001+ employees · IT Services and IT Consulting",
Technical Lead,Wipro,"Bengaluru, Karnataka, India",Full-time · Mid-Senior level,6 applicants,"10,001+ employees · IT Services and IT Consulting",
Lead Administrator,Wipro,"Pune, Maharashtra, India",Full-time · Mid-Senior level,20 applicants,"10,001+ employees · IT Services and IT Consulting",
Data Specialist,Uplers,"Vadodara, Gujarat, India",Full-time · Mid-Senior level,51 applicants,"1,001-5,000 employees · IT Services and IT Consulting","668,138 followers"
TCS Hiring For JAVA FSD,Tata Consultancy Services,"Bengaluru, Karnataka, India",Full-time · Mid-Senior level,7 applicants,"10,001+ employees · IT Services and IT Consulting","11,322,248 followers"
PHP Laravel Developer (WFH),Uplers,"Hyderabad, Telangana, India",Full-time · Mid-Senior level,18 applicants,"1,001-5,000 employees · IT Services and IT Consulting","668,138 followers"
Lead Administrator,Wipro,"Pune, Maharashtra, India",Full-time · Mid-Senior level,8 applicants,"10,001+ employees · IT Services and IT Consulting",
Lead - Healthcare - Coding Quality Auditor (REF52J),Sutherland,"Chennai, Tamil Nadu, India",Full-time · Mid-Senior level,,"10,001+ employees · IT Services and IT Consulting",
MODULE LEAD BIG DATA,LTIMindtree,"Bengaluru, Karnataka, India",Full-time · Mid-Senior level,4 applicants,"10,001+ employees · IT Services and IT Consulting",
Technology Analyst,Infosys,"Chandigarh, India",Full-time · Associate,53 applicants,"10,001+ employees · IT Services and IT Consulting","6,456,876 followers"
Quality Analyst,Uplers,"Kerala, India",Full-time · Associate,,"1,001-5,000 employees · IT Services and IT Consulting","668,143 followers"
DevOps Engineer - WFH,Uplers,"Chennai, Tamil Nadu, India",Full-time · Mid-Senior level,146 applicants,"1,001-5,000 employees · IT Services and IT Consulting","668,144 followers"
SDET,Tata Consultancy Services,Greater Hyderabad Area,Full-time · Mid-Senior level,29 applicants,"10,001+ employees · IT Services and IT Consulting","11,322,271 followers"
Technology Analyst - Devops (3-5 years) - COIMBATORE,Infosys,"Coimbatore, Tamil Nadu, India",Full-time · Mid-Senior level,57 applicants,"10,001+ employees · IT Services and IT Consulting","6,456,884 followers"
Cyber Security Analyst,Wipro,"Kochi, Kerala, India",Full-time · Entry level,75 applicants,"10,001+ employees · IT Services and IT Consulting",
Quality Analyst Automation,Uplers,"Chennai, Tamil Nadu, India",Full-time · Associate,117 applicants,"1,001-5,000 employees · IT Services and IT Consulting","668,146 followers"
MT-R2R-HMS026076,Genpact,"Bengaluru, Karnataka, India",Full-time · Associate,20 applicants,"10,001+ employees · IT Services and IT Consulting",
Management Trainee - Record to Report-BFS024282,Genpact,"Jaipur, Rajasthan, India",Full-time · Associate,45 applicants,"10,001+ employees · IT Services and IT Consulting",
Full Stack Developer,Sutherland,"Bengaluru, Karnataka, India",Full-time · Entry level,5 applicants,"10,001+ employees · IT Services and IT Consulting",
MIS Executive,JLL,"Bengaluru, Karnataka, India",Full-time · Mid-Senior level,105 applicants,"10,001+ employees · Real Estate",
Delivery Manager II,UST,"Thiruvananthapuram, Kerala, India",Full-time · Mid-Senior level,20 applicants,"10,001+ employees · IT Services and IT Consulting",
Technology Analyst,Infosys,"Mangaluru, Karnataka, India",Full-time · Associate,66 applicants,"10,001+ employees · IT Services and IT Consulting","6,456,892 followers"
Technical Lead,Wipro,"Kochi, Kerala, India",Full-time · Mid-Senior level,15 applicants,"10,001+ employees · IT Services and IT Consulting",
Technology Lead,Infosys,"Bhubaneswar, Odisha, India",Full-time · Mid-Senior level,33 applicants,"10,001+ employees · IT Services and IT Consulting","6,456,895 followers"
Account Quality Manager,Wipro,"Pune, Maharashtra, India",Full-time · Mid-Senior level,53 applicants,"10,001+ employees · IT Services and IT Consulting",
Technology Analyst - Java (3-5 years) - HYDERABAD,Infosys,"Hyderabad, Telangana, India",Full-time · Associate,75 applicants,"10,001+ employees · IT Services and IT Consulting","6,456,897 followers"
Technology Analyst - Oracle PL/SQL (3-5 years) - Nagpur,Infosys,Greater Nagpur Area,Full-time · Mid-Senior level,27 applicants,"10,001+ employees · IT Services and IT Consulting","6,456,898 followers"
Associate-CS Internet (IND01-AY11AH),Sutherland,"Chennai, Tamil Nadu, India",Internship · Entry level,,"10,001+ employees · IT Services and IT Consulting",
Associate-Account Management,Sutherland,"Chennai, Tamil Nadu, India",Full-time · Mid-Senior level,4 applicants,"10,001+ employees · IT Services and IT Consulting",
Lead Administrator,Wipro,"Pune, Maharashtra, India",Full-time · Mid-Senior level,10 applicants,"10,001+ employees · IT Services and IT Consulting",
Specialist - Quality Engineering,LTIMindtree,"Telangana, India",Full-time · Entry level,65 applicants,"10,001+ employees · IT Services and IT Consulting",
Specialist - System Management,LTIMindtree,"Mulshi, Maharashtra, India",Full-time · Mid-Senior level,4 applicants,"10,001+ employees · IT Services and IT Consulting",
Assistant Manager-Analytics-ANA006436,Genpact,"Bengaluru, Karnataka, India",Full-time · Associate,25 applicants,"10,001+ employees · IT Services and IT Consulting",
Lead I - Software Engineering,UST,"Thiruvananthapuram, Kerala, India",Full-time · Mid-Senior level,1 applicant,"10,001+ employees · IT Services and IT Consulting",
Technology Analyst - Mainframe (3-5 years) - Gurgaon,Infosys,"Gurugram, Haryana, India",Full-time · Mid-Senior level,14 applicants,"10,001+ employees · IT Services and IT Consulting","6,456,902 followers"
Lead I - Software Engineering,UST,"Thiruvananthapuram, Kerala, India",Full-time · Mid-Senior level,5 applicants,"10,001+ employees · IT Services and IT Consulting",
Senior Data Engineer,Uplers,"New Delhi, Delhi, India",Full-time · Mid-Senior level,16 applicants,"1,001-5,000 employees · IT Services and IT Consulting","668,152 followers"
Assistant Manager,Genpact,"Gurugram, Haryana, India",Full-time · Mid-Senior level,,"10,001+ employees · IT Services and IT Consulting","2,258,051 followers"
Associate-Record To Report,Accenture in India,"Bengaluru, Karnataka, India",Full-time · Entry level,22 applicants,"10,001+ employees · IT Services and IT Consulting",
Associate-Trans Processing,Sutherland,"Hyderabad, Telangana, India",Full-time · Entry level,5 applicants,"10,001+ employees · IT Services and IT Consulting",
Quality Analyst,Uplers,"Kerala, India",Full-time · Associate,,"1,001-5,000 employees · IT Services and IT Consulting","668,154 followers"
Technology Analyst - Oracle PL/SQL (3-5 years) - Mohali,Infosys,"Mohali district, Punjab, India",Full-time · Mid-Senior level,7 applicants,"10,001+ employees · IT Services and IT Consulting",
Informatica PowerCenter Application Developer,Accenture in India,"Indore, Madhya Pradesh, India",Full-time · Mid-Senior level,4 applicants,"10,001+ employees · IT Services and IT Consulting",
Technology Lead -DevOps,Infosys,"Chennai, Tamil Nadu, India",Full-time · Mid-Senior level,52 applicants,"10,001+ employees · IT Services and IT Consulting","6,456,910 followers"
Technology Analyst,Infosys,"Mohali district, Punjab, India",Full-time · Associate,88 applicants,"10,001+ employees · IT Services and IT Consulting","6,456,911 followers"
Technology Analyst - Oracle PL/SQL (3-5 years) - Bangalore,Infosys,"Bengaluru, Karnataka, India",Full-time · Mid-Senior level,148 applicants,"10,001+ employees · IT Services and IT Consulting","6,456,911 followers"
Project Lead,Wipro,"Bengaluru, Karnataka, India",Full-time · Mid-Senior level,,"10,001+ employees · IT Services and IT Consulting",
Principal Consultant-Technology & Implementation,Wipro,"Hyderabad, Telangana, India",Full-time · Mid-Senior level,3 applicants,"10,001+ employees · IT Services and IT Consulting",
Shift Engineer,JLL,"Hyderabad, Telangana, India",Full-time · Entry level,32 applicants,"10,001+ employees · Real Estate",
Associate-Account Management,Sutherland,"Chennai, Tamil Nadu, India",Full-time · Mid-Senior level,2 applicants,"10,001+ employees · IT Services and IT Consulting",
Technology Lead - Mainframe (5-8 years) - COIMBATORE,Infosys,"Coimbatore, Tamil Nadu, India",Full-time · Mid-Senior level,22 applicants,"10,001+ employees · IT Services and IT Consulting","6,456,915 followers"
AGM - Account Manager Government,Vodafone Idea Limited,"Jaipur, Rajasthan, India",Contract · Mid-Senior level,76 applicants,"10,001+ employees · Telecommunications",
Technology Lead - Mainframe (5-8 years) - Gurgaon,Infosys,"Gurugram, Haryana, India",Full-time · Mid-Senior level,2 applicants,"10,001+ employees · IT Services and IT Consulting","6,456,915 followers"
Senior Consultant-Technology & Implementation,Wipro,"Pune, Maharashtra, India",Full-time · Mid-Senior level,10 applicants,"10,001+ employees · IT Services and IT Consulting",
Techno Functional Consultant,Wipro,"Delhi, Delhi, India",Full-time · Mid-Senior level,30 applicants,"10,001+ employees · IT Services and IT Consulting",
Data Engineer,Tata Consultancy Services,"Bengaluru, Karnataka, India",Full-time · Mid-Senior level,8 applicants,"10,001+ employees · IT Services and IT Consulting","11,322,348 followers"
Associate Dotnet Developer,Uplers,"Gurugram, Haryana, India",Full-time · Mid-Senior level,33 applicants,"1,001-5,000 employees · IT Services and IT Consulting","668,158 followers"
Management Trainee - Fleet Management-BFS024269,Genpact,"Jaipur, Rajasthan, India",Full-time · Associate,52 applicants,"10,001+ employees · IT Services and IT Consulting",
Lead II - Software Engineering,UST,"Thiruvananthapuram, Kerala, India",Full-time · Mid-Senior level,4 applicants,"10,001+ employees · IT Services and IT Consulting",
Senior Data Engineer,Uplers,India,Full-time · Mid-Senior level,37 applicants,"1,001-5,000 employees · IT Services and IT Consulting","668,159 followers"
Technology Analyst - Java (3-5 years) - Indore,Infosys,"Indore, Madhya Pradesh, India",Full-time · Associate,46 applicants,"10,001+ employees · IT Services and IT Consulting","6,456,924 followers"
SAP FI CO Finance Application Developer,Accenture in India,"Noida, Uttar Pradesh, India",Full-time · Mid-Senior level,3 applicants,"10,001+ employees · IT Services and IT Consulting",
Technical Lead,Wipro,"Bengaluru, Karnataka, India",Full-time · Mid-Senior level,8 applicants,"10,001+ employees · IT Services and IT Consulting",
Data Analyst,JLL,"Gurgaon, Haryana, India",Full-time · Entry level,,"10,001+ employees · Real Estate",
Informatica Developer,Infosys,India,Full-time · Associate,162 applicants,"10,001+ employees · IT Services and IT Consulting",
Assistant Manager-BFS024321,Genpact,"Bengaluru, Karnataka, India",Full-time · Associate,55 applicants,"10,001+ employees · IT Services and IT Consulting",
Technical Lead,Wipro,"Bengaluru, Karnataka, India",Full-time · Mid-Senior level,6 applicants,"10,001+ employees · IT Services and IT Consulting",
Sr Associate - Transaction processing,Sutherland,"Chennai, Tamil Nadu, India",Full-time · Entry level,5 applicants,"10,001+ employees · IT Services and IT Consulting",
Technical Lead,Wipro,"Bengaluru, Karnataka, India",Full-time · Mid-Senior level,34 applicants,"10,001+ employees · IT Services and IT Consulting",
Lead-Trans Processing (IND01-DR13AS),Sutherland,"Mumbai, Maharashtra, India",Full-time · Entry level,,"10,001+ employees · IT Services and IT Consulting",
Lead Administrator,Wipro,"Hyderabad, Telangana, India",Full-time · Mid-Senior level,8 applicants,"10,001+ employees · IT Services and IT Consulting",
MT-O2C-INS016260,Genpact,"Gurugram, Haryana, India",Full-time · Associate,56 applicants,"10,001+ employees · IT Services and IT Consulting",
Technology Analyst - Oracle PL/SQL (3-5 years) -Gurgaon,Infosys,"Gurugram, Haryana, India",Full-time · Mid-Senior level,24 applicants,"10,001+ employees · IT Services and IT Consulting","6,456,935 followers"
Technical Lead,Wipro,"Bengaluru, Karnataka, India",Full-time · Mid-Senior level,40 applicants,"10,001+ employees · IT Services and IT Consulting",
Android Developer- WFH,Uplers,"Bengaluru, Karnataka, India",Full-time · Mid-Senior level,41 applicants,"1,001-5,000 employees · IT Services and IT Consulting","668,162 followers"
Assistant Manager-BFS024323,Genpact,"Bengaluru, Karnataka, India",Full-time · Associate,25 applicants,"10,001+ employees · IT Services and IT Consulting",
Developer,Wipro,"Delhi, Delhi, India",Full-time · Entry level,,"10,001+ employees · IT Services and IT Consulting",
Assurance - Consultant,EY,"Kolkata, West Bengal, India",Full-time · Associate,8 applicants,"10,001+ employees · Accounting",
Technical Lead,Wipro,"Bengaluru, Karnataka, India",Full-time · Mid-Senior level,51 applicants,"10,001+ employees · IT Services and IT Consulting",
